,timestamp,open,high,low,close,volume
0,1766979900,1554.9,1557.5,1551.1,1555.7,339693
1,1766981100,1556.1,1557.8,1554.4,1556.4,507993
2,1766982300,1556.2,1556.4,1551.4,1551.4,862466
3,1766983500,1551.6,1552.8,1549.6,1550.4,1036414
4,1766984700,1550.7,1551.0,1547.3,1548.9,1263609
5,1766985900,1548.7,1549.9,1547.7,1549.5,1384542
6,1766987100,1549.4,1549.9,1546.5,1547.9,1557738
7,1766988300,1547.5,1548.8,1545.5,1546.7,1694433
8,1766989500,1546.6,1550.0,1546.1,1549.1,1872416
9,1766990700,1549.0,1550.0,1547.5,1547.7,2051006
10,1766991900,1547.5,1548.8,1546.7,1547.7,2155168
11,1766993100,1547.6,1549.0,1547.0,1547.6,2583759
12,1766994300,1547.7,1547.7,1544.0,1545.0,2959104
13,1766995500,1544.9,1547.5,1544.4,1546.5,3102144
14,1766996700,1547.0,1548.5,1545.7,1546.0,3562184
15,1766997900,1546.2,1547.2,1544.0,1545.4,3985087
16,1766999100,1545.5,1546.9,1543.7,1546.0,4332299
17,1767000300,1546.1,1547.7,1544.4,1544.7,5555004
18,1767001500,1544.8,1547.2,1543.6,1546.8,5969550
19,1767066300,1547.0,1550.5,1543.3,1550.5,516092
20,1767067500,1550.6,1553.6,1549.5,1550.3,1092971
21,1767068700,1550.5,1551.0,1549.0,1550.5,1216817
22,1767069900,1550.4,1551.7,1550.2,1551.0,1332507
23,1767071100,1550.9,1551.1,1548.3,1549.2,1501335
24,1767072300,1548.8,1549.2,1545.3,1545.9,1754036
25,1767073500,1545.8,1546.4,1542.0,1543.0,2068469
26,1767074700,1542.7,1543.9,1540.0,1543.3,2274213
27,1767075900,1543.2,1544.2,1542.0,1543.0,2427909
28,1767077100,1543.1,1544.1,1542.8,1544.1,2704601
29,1767078300,1544.0,1546.9,1543.5,1544.3,3104058
30,1767079500,1544.4,1544.7,1542.4,1543.5,3334862
31,1767080700,1543.9,1544.9,1542.5,1544.8,3576058
32,1767081900,1544.4,1546.4,1543.1,1543.2,4094363
33,1767083100,1543.5,1544.7,1542.1,1543.5,4477675
34,1767084300,1543.6,1545.0,1541.6,1543.3,4850371
35,1767085500,1543.0,1544.2,1541.3,1543.1,5292990
36,1767086700,1543.0,1544.1,1537.9,1539.3,7568329
37,1767087900,1539.1,1542.4,1538.0,1540.5,8814828
38,1767152700,1541.0,1549.6,1541.0,1548.1,169432
39,1767153900,1548.0,1548.8,1544.7,1545.3,272696
40,1767155100,1545.2,1549.0,1544.7,1548.0,390936
41,1767156300,1547.9,1549.6,1547.5,1549.2,593769
42,1767157500,1549.0,1549.4,1547.0,1548.5,680912
43,1767158700,1548.3,1555.0,1547.6,1555.0,900819
44,1767159900,1554.8,1559.3,1554.8,1559.3,1165390
45,1767161100,1559.1,1568.3,1558.7,1566.2,1553252
46,1767162300,1566.6,1569.1,1565.2,1567.8,1744675
47,1767163500,1567.7,1568.0,1565.3,1566.3,1880839
48,1767164700,1566.7,1571.6,1566.2,1571.6,2200858
49,1767165900,1571.7,1573.0,1570.2,1572.5,2431905
50,1767167100,1572.3,1572.8,1570.0,1571.9,2618073
51,1767168300,1572.2,1574.5,1571.4,1573.6,2807623
52,1767169500,1573.7,1575.4,1572.5,1573.0,3266949
53,1767170700,1573.2,1574.3,1572.0,1573.4,3745899
54,1767171900,1573.3,1576.0,1573.1,1575.3,4151538
55,1767173100,1575.4,1577.0,1567.5,1567.9,5121295
56,1767174300,1567.8,1571.5,1567.8,1570.5,5768719
57,1767239100,1573.7,1592.4,1573.0,1588.3,980149
58,1767240300,1588.2,1589.7,1583.2,1583.7,1218273
59,1767241500,1584.3,1587.5,1582.2,1582.2,1508853
60,1767242700,1582.4,1583.4,1579.5,1581.2,1676796
61,1767243900,1581.5,1583.3,1578.5,1581.5,1879478
62,1767245100,1581.6,1582.0,1579.8,1580.4,2000011
63,1767246300,1580.7,1581.3,1577.2,1577.7,2139235
64,1767247500,1577.6,1578.5,1576.1,1576.6,2228199
65,1767248700,1577.0,1578.5,1575.5,1578.1,2374719
66,1767249900,1577.7,1579.0,1574.3,1579.0,2597517
67,1767251100,1578.8,1580.8,1575.3,1577.4,3158083
68,1767252300,1577.2,1577.6,1574.4,1575.2,3312306
69,1767253500,1574.8,1577.4,1573.0,1576.2,3877385
70,1767254700,1576.5,1581.4,1576.0,1580.0,4214099
71,1767255900,1580.5,1580.9,1577.9,1579.2,4344807
72,1767257100,1579.1,1580.1,1577.3,1579.0,4480720
73,1767258300,1578.7,1579.8,1577.0,1577.3,4619875
74,1767259500,1577.5,1579.6,1574.2,1575.0,5749754
75,1767260700,1574.4,1574.4,1571.1,1572.7,6402468
76,1767325500,1580.0,1587.0,1579.0,1584.9,400801
77,1767326700,1585.4,1589.0,1583.4,1589.0,709135
78,1767327900,1588.9,1589.9,1586.6,1588.9,899988
79,1767329100,1589.0,1589.4,1586.9,1588.8,1046964
80,1767330300,1588.9,1589.9,1585.2,1585.8,1506026
81,1767331500,1585.9,1586.2,1583.7,1584.0,1751949
82,1767332700,1583.7,1587.1,1582.6,1585.7,2027943
83,1767333900,1585.6,1588.4,1584.6,1588.3,2292455
84,1767335100,1588.4,1588.5,1586.1,1586.9,2521763
85,1767336300,1587.0,1590.0,1586.7,1588.9,2790404
86,1767337500,1589.0,1589.5,1587.7,1588.2,3142733
87,1767338700,1588.0,1589.8,1587.8,1589.5,3300328
88,1767339900,1589.6,1591.8,1589.2,1591.0,3597354
89,1767341100,1590.9,1592.9,1590.3,1591.0,4013923
90,1767342300,1590.8,1591.6,1589.4,1591.2,4315617
91,1767343500,1591.0,1592.3,1588.4,1589.4,4788451
92,1767344700,1589.9,1590.4,1588.9,1589.9,5124006
93,1767345900,1589.8,1594.4,1589.4,1592.9,5903610
94,1767347100,1592.5,1593.0,1591.3,1593.0,6601285
95,1767584700,1593.0,1611.8,1593.0,1597.6,1496569
96,1767585900,1597.8,1600.6,1595.7,1597.2,2032104
97,1767587100,1597.6,1599.0,1594.2,1598.9,2338964
98,1767588300,1598.8,1599.7,1597.4,1598.5,2542160
99,1767589500,1598.4,1599.1,1594.7,1597.3,2785145
100,1767590700,1597.2,1599.2,1595.4,1597.0,3073849
101,1767591900,1596.9,1597.0,1593.3,1596.0,3396309
102,1767593100,1595.9,1596.5,1592.7,1593.1,3650466
103,1767594300,1593.5,1594.3,1590.0,1592.0,3872553
104,1767595500,1592.1,1592.2,1589.9,1590.6,4140319
105,1767596700,1591.0,1592.5,1590.5,1590.7,4355950
106,1767597900,1590.6,1591.1,1587.7,1589.3,4633093
107,1767599100,1589.2,1589.7,1584.0,1584.8,4915668
108,1767600300,1584.7,1585.9,1582.1,1583.7,5192763
109,1767601500,1583.6,1584.8,1579.1,1579.7,5718421
110,1767602700,1579.8,1581.1,1577.3,1579.9,6095210
111,1767603900,1580.0,1582.5,1579.9,1581.7,6586206
112,1767605100,1581.9,1582.3,1577.4,1577.5,7663642
113,1767606300,1577.4,1578.4,1575.3,1577.2,8704075
114,1767671100,1569.0,1569.0,1518.8,1531.1,6854788
115,1767672300,1531.5,1535.1,1525.0,1531.8,8398308
116,1767673500,1531.5,1535.9,1525.6,1526.2,9607571
117,1767674700,1526.3,1528.2,1522.1,1523.2,10643421
118,1767675900,1523.1,1524.1,1520.1,1521.6,11373117
119,1767677100,1521.5,1523.7,1511.0,1511.2,12348612
120,1767678300,1510.7,1511.2,1497.0,1505.1,15966092
121,1767679500,1505.0,1514.3,1504.0,1513.9,17348475
122,1767680700,1513.7,1514.0,1507.7,1509.3,18084788
123,1767681900,1509.2,1509.2,1502.2,1504.0,18765768
124,1767683100,1503.9,1507.7,1503.6,1507.4,19369072
125,1767684300,1507.6,1510.0,1505.9,1506.0,20120444
126,1767685500,1506.1,1507.9,1503.6,1503.8,20775499
127,1767686700,1503.9,1507.9,1502.0,1506.4,21434094
128,1767687900,1506.2,1506.7,1499.4,1501.3,22965370
129,1767689100,1501.4,1506.9,1501.2,1506.3,23613672
130,1767690300,1506.4,1511.0,1504.2,1507.6,24622799
131,1767691500,1507.8,1508.3,1505.2,1506.6,25997163
132,1767692700,1506.5,1510.0,1505.5,1508.7,27404963
133,1767757500,1510.0,1519.5,1504.7,1515.5,1772796
134,1767758700,1515.2,1520.0,1512.2,1513.5,2320379
135,1767759900,1513.8,1516.8,1512.3,1512.4,2662891
136,1767761100,1512.1,1513.6,1504.3,1505.5,3325517
137,1767762300,1505.4,1508.2,1502.3,1507.9,3758113
138,1767763500,1507.8,1508.6,1506.0,1506.2,4067198
139,1767764700,1506.1,1509.6,1505.1,1509.4,4332772
140,1767765900,1509.3,1511.2,1507.6,1507.7,4646987
141,1767767100,1507.6,1509.8,1505.2,1505.6,5040952
142,1767768300,1505.5,1505.7,1502.8,1503.5,5385392
143,1767769500,1503.4,1506.0,1502.3,1502.6,5717862
144,1767770700,1502.7,1505.6,1502.6,1504.6,6183443
145,1767771900,1504.7,1506.0,1500.8,1502.4,6629076
146,1767773100,1502.5,1504.0,1501.9,1503.0,6975450
147,1767774300,1502.9,1503.9,1502.5,1502.8,7347608
148,1767775500,1502.7,1502.7,1498.3,1501.3,8175373
149,1767776700,1501.8,1502.6,1500.3,1502.6,8728499
150,1767777900,1502.4,1506.4,1501.6,1504.6,10041567
151,1767779100,1504.7,1505.5,1502.7,1505.2,11197553
152,1767843900,1500.0,1501.1,1491.1,1494.9,1334717
153,1767845100,1496.0,1497.0,1490.1,1492.8,1802002
154,1767846300,1493.0,1495.0,1488.6,1493.2,2308255
155,1767847500,1493.0,1493.3,1485.2,1485.3,3027706
156,1767848700,1485.2,1486.8,1482.2,1486.1,3658119
157,1767849900,1486.4,1486.9,1484.2,1485.5,4491040
158,1767851100,1485.3,1485.5,1480.5,1482.1,5101061
159,1767852300,1482.2,1484.2,1479.4,1480.2,5625450
160,1767853500,1480.1,1480.7,1476.1,1479.7,6221281
161,1767854700,1479.8,1480.0,1474.3,1475.0,6771700
162,1767855900,1474.9,1475.0,1471.7,1472.8,8093375
163,1767857100,1473.0,1474.3,1470.5,1474.0,9139008
164,1767858300,1473.9,1474.0,1468.8,1469.9,10243121
165,1767859500,1469.7,1472.8,1469.6,1471.3,11137565
166,1767860700,1471.1,1472.6,1470.2,1470.6,11853406
167,1767861900,1470.5,1472.8,1470.2,1471.5,12724430
168,1767863100,1471.6,1472.0,1470.6,1471.2,13300180
169,1767864300,1471.0,1472.2,1468.9,1469.9,14926713
170,1767865500,1470.1,1472.0,1469.1,1470.9,16515302
171,1767930300,1465.0,1479.9,1465.0,1473.1,1619099
172,1767931500,1472.7,1478.0,1468.7,1473.2,2136146
173,1767932700,1473.3,1475.7,1471.3,1472.0,2483623
174,1767933900,1472.1,1477.7,1471.0,1474.8,2822859
175,1767935100,1474.9,1475.0,1470.5,1471.0,3223115
176,1767936300,1470.6,1472.8,1469.3,1469.8,3576299
177,1767937500,1470.1,1475.0,1469.3,1471.5,3843886
178,1767938700,1471.0,1471.6,1466.5,1469.1,4223014
179,1767939900,1469.0,1471.8,1467.6,1470.7,4560188
180,1767941100,1470.9,1472.4,1468.5,1470.8,4806835
181,1767942300,1470.5,1471.0,1465.0,1467.9,5200984
182,1767943500,1467.6,1471.9,1467.2,1471.1,5459057
183,1767944700,1471.0,1473.6,1470.1,1472.7,5835499
184,1767945900,1472.8,1478.8,1471.0,1472.0,6182503
185,1767947100,1472.1,1475.0,1470.2,1470.3,6394303
186,1767948300,1470.7,1473.9,1470.0,1473.1,6680799
187,1767949500,1473.5,1473.6,1469.6,1473.0,7026775
188,1767950700,1473.1,1476.5,1472.0,1476.1,7733695
189,1767951900,1476.0,1476.2,1473.9,1476.0,8333051
190,1768189500,1475.3,1475.5,1456.3,1462.0,865595
191,1768190700,1461.9,1467.6,1459.5,1462.8,1289845
192,1768191900,1462.7,1464.2,1461.0,1461.8,1489261
193,1768193100,1461.6,1465.0,1461.2,1463.9,1789922
194,1768194300,1463.8,1464.1,1460.3,1461.3,2031493
195,1768195500,1461.4,1461.5,1453.5,1455.9,2648303
196,1768196700,1455.6,1457.6,1454.2,1455.0,3008263
197,1768197900,1454.4,1456.3,1452.2,1453.6,3421681
198,1768199100,1453.7,1461.6,1451.2,1461.6,3835536
199,1768200300,1461.7,1468.6,1460.1,1466.8,4389856
200,1768201500,1466.6,1471.3,1465.0,1470.5,4811435
201,1768202700,1470.8,1473.8,1467.6,1472.3,5137173
202,1768203900,1472.0,1475.3,1469.6,1474.4,5404837
203,1768205100,1474.3,1479.5,1473.0,1479.5,5759469
204,1768206300,1479.1,1480.7,1475.8,1478.7,6152313
205,1768207500,1478.8,1484.4,1478.4,1481.0,6630604
206,1768208700,1481.3,1484.0,1477.5,1483.8,7253679
207,1768209900,1483.5,1484.0,1480.5,1483.4,7991260
208,1768211100,1483.3,1485.3,1483.0,1484.0,8877273
209,1768275900,1485.0,1485.1,1466.2,1467.0,1104472
210,1768277100,1466.8,1468.6,1463.4,1466.7,2173996
211,1768278300,1466.6,1469.4,1460.2,1467.0,2846198
212,1768279500,1466.7,1469.8,1465.2,1467.7,3189539
213,1768280700,1467.6,1468.4,1464.0,1466.3,3455826
214,1768281900,1466.1,1467.5,1465.4,1467.1,3634469
215,1768283100,1467.0,1468.9,1466.3,1468.0,3837883
216,1768284300,1467.9,1468.9,1463.0,1463.8,4105615
217,1768285500,1463.7,1463.9,1455.0,1456.0,4678755
218,1768286700,1455.9,1462.3,1455.0,1461.7,4947436
219,1768287900,1461.9,1463.0,1455.8,1457.8,5207575
220,1768289100,1457.7,1458.4,1453.3,1454.5,5660774
221,1768290300,1454.6,1456.4,1453.3,1455.7,6178357
222,1768291500,1455.6,1456.4,1454.4,1455.4,6566675
223,1768292700,1455.2,1455.6,1451.6,1453.8,6951749
224,1768293900,1453.3,1453.9,1447.8,1449.5,8169713
225,1768295100,1449.4,1452.8,1448.1,1449.2,9211730
226,1768296300,1449.5,1456.8,1444.8,1454.9,12081834
227,1768297500,1455.0,1460.0,1452.9,1456.9,13498784
228,1768362300,1444.0,1455.4,1440.4,1455.0,1036592
229,1768363500,1454.7,1456.2,1449.6,1456.2,1400252
230,1768364700,1456.0,1458.8,1454.7,1455.4,1657871
231,1768365900,1455.5,1458.0,1454.1,1457.8,1845810
232,1768367100,1458.0,1463.0,1457.6,1461.8,2186152
233,1768368300,1461.9,1465.5,1460.9,1463.3,2600555
234,1768369500,1463.1,1466.0,1462.9,1464.8,2836485
235,1768370700,1464.6,1465.3,1463.0,1463.9,3018781
236,1768371900,1463.5,1464.4,1460.0,1461.0,3227859
237,1768373100,1460.9,1463.9,1460.6,1463.4,3430809
238,1768374300,1463.3,1466.9,1463.3,1465.0,3674171
239,1768375500,1465.1,1465.2,1461.0,1463.5,3957958
240,1768376700,1463.3,1464.2,1460.4,1460.8,4163807
241,1768377900,1460.9,1461.7,1453.0,1454.3,4565058
242,1768379100,1454.6,1458.6,1453.5,1458.5,4802173
243,1768380300,1458.6,1459.8,1455.6,1459.5,5215462
244,1768381500,1459.6,1462.8,1459.0,1462.8,5663560
245,1768382700,1462.5,1462.8,1456.4,1457.1,7550500
246,1768383900,1457.0,1459.3,1455.0,1458.8,8320834
247,1768535100,1458.8,1472.2,1458.8,1463.6,3119927
248,1768536300,1463.1,1467.7,1462.4,1464.4,3739846
249,1768537500,1464.2,1468.0,1463.2,1466.8,4242826
250,1768538700,1466.7,1473.1,1466.7,1472.0,5139560
251,1768539900,1472.2,1480.0,1471.9,1476.8,5873137
252,1768541100,1477.0,1479.0,1471.7,1473.1,6393399
253,1768542300,1473.3,1474.9,1469.0,1473.9,7614944
254,1768543500,1473.8,1474.9,1468.6,1470.1,8463758
255,1768544700,1469.9,1470.9,1464.3,1470.5,9263072
256,1768545900,1470.7,1471.1,1463.8,1465.9,10089403
257,1768547100,1466.0,1466.4,1460.8,1463.2,10506837
258,1768548300,1463.1,1463.7,1455.1,1458.7,11119330
259,1768549500,1458.5,1464.8,1456.1,1462.2,12004894
260,1768550700,1462.0,1462.9,1457.5,1458.6,12877150
261,1768551900,1458.7,1459.3,1456.3,1458.0,13242554
262,1768553100,1457.9,1463.0,1457.1,1462.5,13611722
263,1768554300,1462.2,1462.6,1458.8,1459.9,14061046
264,1768555500,1459.7,1460.4,1455.9,1456.7,15725906
265,1768556700,1456.6,1461.5,1455.9,1461.2,17164724
266,1768794300,1450.6,1450.6,1420.0,1428.0,3163814
267,1768795500,1428.3,1430.5,1424.0,1425.2,4182565
268,1768796700,1425.0,1426.0,1419.6,1424.4,5211159
269,1768797900,1423.9,1424.8,1406.4,1408.1,7690564
270,1768799100,1407.8,1411.8,1407.1,1408.9,8703340
271,1768800300,1409.0,1411.1,1408.0,1408.9,9376854
272,1768801500,1409.0,1410.2,1408.0,1408.8,9750049
273,1768802700,1408.9,1412.9,1408.5,1411.9,10286055
274,1768803900,1411.8,1413.9,1408.0,1408.3,10925699
275,1768805100,1408.4,1409.6,1404.0,1405.5,11946230
276,1768806300,1405.3,1406.4,1403.4,1404.8,12488687
277,1768807500,1405.0,1409.0,1404.5,1404.6,13603090
278,1768808700,1404.7,1408.3,1403.9,1407.9,14149809
279,1768809900,1408.1,1412.2,1406.2,1410.9,15813606
280,1768811100,1410.7,1414.5,1410.6,1412.2,16401618
281,1768812300,1412.1,1414.0,1411.4,1413.0,16870010
282,1768813500,1413.2,1416.1,1412.2,1415.5,17421073
283,1768814700,1415.4,1415.6,1413.0,1414.2,18908270
284,1768815900,1414.1,1414.3,1411.9,1413.2,20386608
285,1768880700,1410.7,1415.6,1406.9,1411.2,1071034
286,1768881900,1411.0,1411.0,1403.2,1403.2,1732015
287,1768883100,1403.4,1407.8,1402.3,1406.7,2456361
288,1768884300,1406.8,1408.8,1405.1,1408.7,2781407
289,1768885500,1408.3,1409.9,1405.2,1405.7,3294911
290,1768886700,1405.8,1406.0,1399.6,1399.9,3824220
291,1768887900,1399.7,1401.9,1399.2,1400.4,4195661
292,1768889100,1400.6,1404.5,1400.0,1404.3,4538638
293,1768890300,1404.2,1406.0,1401.1,1402.2,4955376
294,1768891500,1402.3,1405.1,1402.0,1404.2,5204204
295,1768892700,1404.1,1406.8,1403.5,1405.5,5566437
296,1768893900,1405.6,1406.4,1404.1,1404.1,5824923
297,1768895100,1404.2,1406.4,1402.2,1402.2,6133761
298,1768896300,1402.4,1402.4,1399.1,1400.1,6624230
299,1768897500,1400.0,1404.6,1399.6,1404.4,7307946
300,1768898700,1404.5,1407.9,1404.0,1404.7,7844235
301,1768899900,1404.5,1404.9,1399.2,1400.2,8510606
302,1768901100,1400.0,1400.4,1392.2,1393.6,11216770
303,1768902300,1393.7,1394.9,1390.0,1392.4,13185531
304,1768967100,1389.5,1398.0,1385.3,1397.9,1418245
305,1768968300,1397.8,1398.2,1392.1,1393.2,2167719
306,1768969500,1393.0,1394.2,1390.1,1390.6,2595636
307,1768970700,1390.3,1391.1,1380.6,1382.2,3401482
308,1768971900,1382.0,1382.4,1375.0,1375.0,4175838
309,1768973100,1375.3,1386.0,1373.2,1384.0,4922148
310,1768974300,1383.6,1386.9,1383.0,1384.8,5265368
311,1768975500,1384.9,1386.4,1382.0,1385.2,5562544
312,1768976700,1385.1,1392.7,1384.3,1392.5,6017042
313,1768977900,1392.4,1403.8,1391.2,1403.3,6629633
314,1768979100,1403.0,1409.4,1403.0,1408.4,7677833
315,1768980300,1408.5,1412.0,1405.7,1407.8,8529452
316,1768981500,1407.9,1408.5,1404.9,1405.3,9404783
317,1768982700,1405.5,1411.4,1402.7,1408.5,11127206
318,1768983900,1408.4,1410.9,1406.1,1407.5,12030150
319,1768985100,1407.4,1412.7,1401.2,1404.7,12950227
320,1768986300,1404.6,1404.8,1398.5,1398.8,13737951
321,1768987500,1398.9,1405.5,1398.5,1405.3,16020676
322,1768988700,1405.4,1408.4,1405.4,1407.5,17351864
323,1769053500,1410.1,1419.4,1406.9,1418.8,1357627
324,1769054700,1419.0,1419.5,1411.3,1413.8,1922234
325,1769055900,1413.6,1417.0,1411.9,1416.2,2304026
326,1769057100,1416.1,1416.8,1401.4,1406.6,2824148
327,1769058300,1406.7,1407.5,1400.3,1403.1,3315597
328,1769059500,1403.0,1403.0,1398.7,1400.1,3713576
329,1769060700,1400.2,1405.5,1399.7,1402.4,4265692
330,1769061900,1402.2,1403.8,1395.2,1399.4,4961815
331,1769063100,1399.0,1403.2,1397.2,1402.8,5386848
332,1769064300,1403.0,1405.0,1400.0,1403.4,6032102
333,1769065500,1403.3,1406.2,1401.9,1402.5,7487171
334,1769066700,1402.4,1402.5,1398.1,1398.5,8034865
335,1769067900,1398.2,1399.8,1396.1,1399.5,8431856
336,1769069100,1400.0,1402.3,1398.0,1401.8,9286442
337,1769070300,1402.2,1402.8,1398.0,1398.0,9768034
338,1769071500,1398.1,1403.7,1397.6,1403.7,10536144
339,1769072700,1403.3,1404.7,1401.7,1402.5,11358920
340,1769073900,1402.7,1405.0,1399.1,1401.6,13932510
341,1769075100,1401.5,1405.4,1401.4,1404.3,15720440
342,1769139900,1401.8,1407.0,1400.2,1402.2,1079588
343,1769141100,1402.5,1402.9,1399.5,1399.6,1397147
344,1769142300,1400.0,1403.0,1399.1,1402.4,1598435
345,1769143500,1402.2,1403.5,1399.4,1402.8,1828366
346,1769144700,1402.7,1403.4,1400.0,1400.6,2076555
347,1769145900,1400.7,1401.1,1398.6,1399.7,2252855
348,1769147100,1399.6,1400.3,1396.1,1398.5,2438969
349,1769148300,1398.3,1398.5,1387.1,1390.6,2997126
350,1769149500,1390.5,1392.2,1388.2,1388.4,3188048
351,1769150700,1388.5,1391.6,1388.0,1390.5,3411446
352,1769151900,1390.4,1393.9,1389.2,1391.9,3799846
353,1769153100,1391.7,1392.6,1387.7,1390.5,4656565
354,1769154300,1390.4,1390.9,1382.1,1382.9,5190778
355,1769155500,1383.0,1386.2,1381.0,1385.9,5667321
356,1769156700,1385.8,1388.8,1385.5,1387.0,6007345
357,1769157900,1387.1,1390.5,1385.7,1389.2,6662943
358,1769159100,1389.3,1390.4,1386.2,1386.7,7666623
359,1769160300,1387.0,1388.7,1384.3,1384.9,9005705
360,1769161500,1385.0,1387.8,1384.9,1387.0,9835039
